{"mean": [0.765713465017684, 0.6363671343315902, 0.7140287568534874], "std": [0.22687145927576063, 0.2840397731502856, 0.22683256808168165]}