{"mean": [0.7634849665144396, 0.6335899433689473, 0.7117672955282406], "std": [0.2279336724382847, 0.2852342064450863, 0.2277654582192828]}